date,actual,PROPHET_baseline,ARIMA_baseline,SARIMA_baseline,RNN_baseline,MLP_baseline,LSTM_baseline,PROPHET_intervention,ARIMA_intervention,SARIMA_intervention,RNN_intervention,MLP_intervention,LSTM_intervention
2026-04-27,228.0500030517578,230.1851302200553,231.0368017771767,230.93641925465886,228.97697,228.37987,230.45103,243.02735077915037,231.77728719335545,231.2678363737253,231.2482,231.27524,233.41833
2026-04-28,233.0399932861328,229.30524540730397,233.1613786777421,232.97063126425937,229.90962,227.46674,229.52432,242.76707881112804,234.58797448702626,233.62902571436695,236.47075,229.03143,232.66814
2026-04-29,227.1000061035156,229.31339356726647,233.07958067589811,232.99023979836898,233.55937,232.06493,233.53397,243.54269609951308,234.6024604733445,233.8273029137166,240.13573,231.76909,237.04668
2026-04-30,230.97999572753903,227.75638335682663,233.07958067589811,233.6369377169882,230.06699,230.27771,228.5385,242.4898198317102,234.6024604733445,235.64450394844056,238.51923,231.0321,234.03992
2026-05-01,232.1999969482422,227.111983729631,233.07958067589811,233.60337193546556,232.14511,230.96216,230.05093,242.43337590482705,234.6024604733445,235.5301248804667,241.64917,232.3877,236.71458
2026-05-04,229.47999572753903,225.96427747585452,233.07958067589811,233.63466416569977,234.11153,231.14415,231.62302,242.36986173916048,234.6024604733445,235.49320699130823,241.705,233.43338,238.2224
2026-05-05,229.02999877929688,225.08439266310424,233.07958067589811,233.56465167209745,228.37694,228.52486,229.03737,242.1095897711409,234.6024604733445,235.1028908889918,234.0557,231.41794,236.49806
2026-05-06,225.7400054931641,225.09254082306606,233.07958067589811,233.57261475025388,229.40881,227.16708,227.87605,242.8852070595243,234.6024604733445,235.18096625697518,228.7066,229.0915,236.07364
2026-05-07,231.30999755859372,223.5355306126303,233.07958067589811,233.60209384990517,226.33981,223.75238,225.10709,241.83233079172302,234.6024604733445,235.94285968422122,225.91016,226.36598,234.03947
2026-05-08,229.75999450683597,222.8911309854305,233.07958067589811,233.60056378619245,232.08472,226.80756,229.80438,241.77588686483438,234.6024604733445,235.8949042525224,229.90797,227.0902,237.85263
2026-05-11,223.5500030517578,221.74342473165476,233.07958067589811,233.60199021226686,232.01791,226.87175,229.69562,241.71237269917577,234.6024604733445,235.87942577955204,233.67784,227.48032,237.24582
2026-05-12,219.22000122070312,220.86353991890437,233.07958067589811,233.59879876040608,224.96762,222.60875,223.56577,241.452100731151,234.6024604733445,235.71577890327325,229.13411,224.70471,232.75455
2026-05-13,214.63999938964844,220.87168807886655,233.07958067589811,233.59916174962834,220.863,219.75603,218.82271,242.22771801953576,234.6024604733445,235.74851337158998,226.58557,223.08855,229.65268
2026-05-14,218.3699951171875,219.3146778684301,233.07958067589811,233.60050552589735,216.54922,216.6145,214.94168,241.17484175173558,234.6024604733445,236.0679505628466,228.11493,221.19957,226.97614
2026-05-15,219.3000030517578,218.6702782412319,233.07958067589811,233.60043577942164,220.5719,218.648,218.1337,241.11839782484716,234.6024604733445,236.04784440644784,231.0469,222.00882,229.91698
2026-05-18,222.75,217.52257198745454,233.07958067589811,233.60050080167574,221.24152,219.79866,219.94678,241.05488365917572,234.6024604733445,236.04135478499455,230.54355,223.98048,231.29001
2026-05-19,222.3300018310547,216.64268717470443,233.07958067589811,233.60035532242688,225.60426,221.81429,222.7695,240.79461169116104,234.6024604733445,235.97274295997147,231.8043,225.06929,233.69592
2026-05-20,225.0,216.65083533466614,233.07958067589811,233.6003718689398,224.73196,221.08578,222.49629,241.57022897954698,234.6024604733445,235.9864674603313,232.87688,225.27353,233.44946
2026-05-21,252.97000122070312,215.09382512422846,233.07958067589811,233.6004331236824,224.41035,222.81984,224.29079,240.517352711745,234.6024604733445,236.12039710916252,234.31671,225.04294,234.90811
2026-05-22,253.83999633789065,214.44942549703143,233.07958067589811,233.6004299443567,249.98958,245.06631,249.5605,240.4609087848545,234.6024604733445,236.11196725021205,250.80113,240.83812,253.59361
2026-05-26,250.69000244140625,212.4218344305047,233.07958067589811,233.60043290833332,254.35628,254.57164,255.01776,240.13712265117385,234.6024604733445,236.10924636251934,254.05894,249.31653,254.63846
2026-05-27,255.1999969482422,212.4299825904664,233.07958067589811,233.60042627680235,249.7959,251.6128,248.98851,240.9127399395585,234.6024604733445,236.08047965068198,247.77335,249.45738,249.9642
2026-05-28,264.2200012207031,210.87297238002824,233.07958067589811,233.60042703105916,254.70625,252.06242,251.67516,239.85986367175764,234.6024604733445,236.08623388833462,250.82549,251.04488,251.27014
2026-05-29,297.79998779296875,210.22857275283067,233.07958067589811,233.6004298232974,263.4182,259.45825,262.28088,239.80341974487695,234.6024604733445,236.14238624418738,257.84854,256.0712,256.91534
2026-06-01,320.4200134277344,209.08086649905394,233.07958067589811,233.6004296783709,293.33408,288.53735,295.8301,239.73990557920112,234.6024604733445,236.13885187787116,277.06323,275.44672,279.6796
2026-06-02,329.2300109863281,208.20098168630477,233.07958067589811,233.6004298134809,312.99503,315.77438,320.9245,239.47963361118394,234.6024604733445,236.13771109795204,291.81796,294.25198,295.1075
2026-06-03,305.6300048828125,208.20912984626628,233.07958067589811,233.60042951118896,312.6451,327.20993,326.95163,240.25525089956972,234.6024604733445,236.12565014913378,290.9939,305.30234,298.07956
2026-06-04,301.7699890136719,206.65211963582811,233.07958067589811,233.60042954557102,281.36868,309.38315,301.94247,239.2023746317702,234.6024604733445,236.12806271426143,271.1592,299.6509,277.27518
2026-06-05,284.8399963378906,206.00772000863026,233.07958067589811,233.6004296728525,273.13434,298.07016,297.43494,239.14593070488425,234.6024604733445,236.15160557497472,265.21402,292.48312,270.68472
2026-06-08,280.82000732421875,204.86001375485418,233.07958067589811,233.60042966624616,271.98004,286.32938,288.1108,239.0824165392164,234.6024604733445,236.15012372986547,258.53235,283.15338,258.91037
2026-06-09,277.489990234375,203.98012894210368,233.07958067589811,233.60042967240503,279.80518,281.82892,283.96887,238.8221445711974,234.6024604733445,236.14964543786272,257.00964,275.6951,256.10754
2026-06-10,272.3599853515625,203.98827710206587,233.07958067589811,233.60042965862533,285.50528,279.65482,281.05618,239.59776185958088,234.6024604733445,236.14458867339067,261.79706,271.00162,255.23174
2026-06-11,274.8500061035156,202.43126689162648,233.07958067589811,233.60042966019262,273.73505,272.20294,274.8723,238.5448855917796,234.6024604733445,236.14560018366302,267.4475,265.4174,252.82164
2026-06-12,272.239990234375,201.78686726443166,233.07958067589811,233.60042966599462,266.0564,269.71616,275.0019,238.48844166489712,234.6024604733445,236.1554709412145,270.5754,263.3092,255.66733
2026-06-15,268.7099914550781,200.63916101065442,233.07958067589811,233.60042966569347,264.16367,270.6827,272.02985,238.42492749923173,234.6024604733445,236.15484965164484,269.29214,263.48254,255.20297
2026-06-16,270.8099975585937,199.75927619790383,233.07958067589811,233.60042966597422,269.60965,271.04077,267.0193,238.1646555312075,234.6024604733445,236.1546491193282,262.155,262.47577,253.41653
2026-06-17,262.3500061035156,199.76742435786616,233.07958067589811,233.6004296653461,276.8652,272.12335,267.91122,238.9402728195924,234.6024604733445,236.15252898207274,261.9846,263.7293,255.75432
2026-06-18,249.1000061035156,198.21041414742618,233.07958067589811,233.60042966541755,263.01105,262.7523,260.48062,237.88739655179222,234.6024604733445,236.1529530755073,251.6757,257.4933,250.77223
2026-06-22,252.22000122070312,196.41830826645352,233.07958067589811,233.60042966568204,241.67964,243.48761,246.82751,237.76743845924176,234.6024604733445,236.15709156385105,237.90727,244.6678,241.80014
2026-06-23,264.94000244140625,195.53842345370396,233.07958067589811,233.60042966566832,237.79045,239.23557,248.9437,237.50716649122035,234.6024604733445,236.15683107729478,234.90126,238.96965,245.07263
2026-06-24,262.9599914550781,195.5465716136657,233.07958067589811,233.6004296656811,255.78249,254.19608,262.68073,238.28278377960356,234.6024604733445,236.1567470006015,246.79376,245.13927,256.07202
2026-06-25,258.2699890136719,193.9895614032284,233.07958067589811,233.60042966565248,259.02637,261.61334,262.2942,237.22990751180174,234.6024604733445,236.15585809584695,248.93385,251.5559,255.58131
2026-06-26,271.6300048828125,193.34516177603072,233.07958067589811,233.60042966565575,257.0892,260.74216,255.42523,237.17346358491176,234.6024604733445,236.15603590446256,251.20016,253.19534,251.38913
2026-06-29,278.0,192.19745552225376,233.07958067589811,233.6004296656678,268.73297,269.58664,267.32788,237.10994941925708,234.6024604733445,236.15777103833472,265.352,263.88022,260.57892
2026-06-30,281.2099914550781,191.3175707095041,233.07958067589811,233.60042966566718,276.1855,276.75742,276.47003,236.84967745123043,234.6024604733445,236.1576618247742,269.5423,271.66916,265.6076
2026-07-01,286.25,191.32571886946528,233.07958067589811,233.60042966566778,278.88986,279.98175,278.99655,237.6252947396148,234.6024604733445,236.15762657414496,264.86682,275.27362,266.75507
2026-07-02,289.5199890136719,189.76870865902822,233.07958067589811,233.60042966566647,283.86057,284.72745,283.07324,236.57241847181436,234.6024604733445,236.15725388522554,269.02835,277.81415,268.95822
2026-07-06,299.5199890136719,187.9766027780537,233.07958067589811,233.6004296656666,286.89218,286.79623,287.0491,236.452460379257,234.6024604733445,236.15732843460836,271.41653,280.10678,270.2452
2026-07-07,306.1300048828125,187.09671796530282,233.07958067589811,233.60042966566715,295.03848,294.3303,297.13184,236.19218841124115,234.6024604733445,236.15805591993734,275.1903,284.77606,276.2557
2026-07-08,302.04998779296875,187.10486612526554,233.07958067589811,233.60042966566712,302.71817,302.13593,304.75385,236.96780569962627,234.6024604733445,236.1580101302353,280.51962,289.65833,280.08557
2026-07-09,295.29998779296875,185.54785591482658,233.07958067589811,233.60042966566715,301.67972,302.2382,300.73065,235.91492943182377,234.6024604733445,236.15799535079032,277.42657,290.7726,275.6406
2026-07-10,287.5599975585937,184.9034562876317,233.07958067589811,233.6004296656671,295.22946,297.19937,293.40298,235.85848550493188,234.6024604733445,236.15783909441984,273.74112,288.56757,269.10858
2026-07-13,290.2300109863281,183.75575003385384,233.07958067589811,233.6004296656671,287.54877,289.5271,286.87863,235.7949713392723,234.6024604733445,236.157870350557,271.87247,283.1326,262.92474
2026-07-14,217.07000732421875,182.87586522110308,233.07958067589811,233.60042966566712,290.05548,288.49658,290.05975,235.534699371254,234.6024604733445,236.15817536154918,275.308,281.46588,265.0027
2026-07-15,211.1999969482422,182.88401338106513,233.07958067589811,233.60042966566712,224.2933,233.09137,223.6858,236.3103166596375,234.6024604733445,236.15815616341297,225.08049,244.15303,214.30702
2026-07-16,219.0500030517578,181.32700317062645,233.07958067589811,233.60042966566712,208.10081,208.86455,211.07542,235.25744039183638,234.6024604733445,236.15814996687124,213.47137,220.78354,210.20044
2026-07-17,212.6699981689453,180.682603543429,233.07958067589811,233.60042966566712,217.02977,214.05933,221.2955,235.2009964649488,234.6024604733445,236.15808445364547,233.8803,218.71146,222.52522
2026-07-20,213.0,179.5348972896531,233.07958067589811,233.60042966566712,204.85115,214.46577,216.72125,235.1374822992824,234.6024604733445,236.15809755832953,219.70027,215.12138,223.27066
2026-07-21,210.5,178.65501247690324,233.07958067589811,233.60042966566712,207.12276,213.0104,213.26761,234.87721033126408,234.6024604733445,236.15822543954124,217.04639,214.26045,225.54433
2026-07-22,205.7700042724609,178.66316063686568,233.07958067589811,233.60042966566712,210.09653,210.00612,209.64946,235.652827619649,234.6024604733445,236.1582173903857,222.6204,212.81903,225.75809
2026-07-23,206.6499938964844,177.1061504264262,233.07958067589811,233.60042966566712,212.67155,204.40297,204.7077,234.59995135184903,234.6024604733445,236.15821479237678,213.28166,209.94801,223.81923
2026-07-24,214.19000244140625,176.4617507992304,233.07958067589811,233.60042966566712,213.71498,202.2105,204.54747,234.54350742496166,234.6024604733445,236.1581873248071,208.00221,208.02138,225.24535
2026-07-27,216.27999877929688,175.31404454545319,233.07958067589811,233.60042966566712,224.51581,209.5726,211.30968,234.47999325929771,234.6024604733445,236.1581928191759,211.72981,210.19633,231.03389
2026-07-28,227.5500030517578,174.43415973270325,233.07958067589811,233.60042966566712,227.9335,212.83656,214.8284,234.2197212912741,234.6024604733445,236.1582464356183,213.96022,215.05984,232.84695
2026-07-29,226.44000244140625,174.4423078926652,233.07958067589811,233.60042966566712,234.88333,219.14201,224.79442,234.99533857966017,234.6024604733445,236.15824306086859,226.19221,219.965,239.81807
2026-07-30,221.7400054931641,172.8852976822245,233.07958067589811,233.60042966566712,231.78079,221.3957,225.59705,233.94246231185838,234.6024604733445,236.15824197160777,235.5319,221.70535,238.67006
2026-07-31,223.6499938964844,172.24089805503,233.07958067589811,233.60042966566712,220.05359,217.91246,220.4851,233.88601838496896,234.6024604733445,236.15823045534705,230.74962,222.65048,234.13066
2026-08-03,226.30999755859372,171.0931918012541,233.07958067589811,233.60042966566712,221.98512,223.67268,221.60168,233.82250421930286,234.6024604733445,236.15823275895764,227.1314,227.11691,234.41791
2026-08-04,235.1499938964844,170.21330698850355,233.07958067589811,233.60042966566712,227.32332,232.47745,225.3841,233.56223225128696,234.6024604733445,236.15825523859212,238.17595,235.18427,235.96324
2026-08-05,235.9199981689453,170.22145514846554,233.07958067589811,233.60042966566712,239.60004,238.72243,234.32513,234.33784953967168,234.6024604733445,236.1582538236691,249.94688,240.46103,241.52177
2026-08-06,233.42999267578125,168.6644449380243,233.07958067589811,233.60042966566712,239.70331,238.08636,236.27792,233.284973271871,234.6024604733445,236.15825336697736,244.75786,243.90993,241.70163
2026-08-07,237.27999877929688,168.0200453108292,233.07958067589811,233.60042966566712,240.52153,233.51494,233.1204,233.2285293449915,234.6024604733445,236.15824853858294,243.19997,240.76653,238.95422
2026-08-10,236.30999755859372,166.87233905705335,233.07958067589811,233.60042966566712,242.29585,232.64124,235.94781,233.16501517931295,234.6024604733445,236.15824950441208,246.85245,239.25989,240.71925
2026-08-11,238.4199981689453,165.99245424430362,233.07958067589811,233.60042966566712,234.16081,236.7153,236.11513,232.90474321129705,234.6024604733445,236.1582589293934,243.50764,237.41754,239.90694
2026-08-12,235.97999572753903,166.0006024042651,233.07958067589811,233.60042966566712,236.26561,239.66454,237.87566,233.6803604996829,234.6024604733445,236.15825833616208,241.7068,239.05338,240.93512
2026-08-13,237.13999938964844,164.44359219382656,233.07958067589811,233.60042966566712,235.15468,237.06895,236.05072,232.62748423188057,234.6024604733445,236.15825814468604,239.70229,238.2606,239.1927
2026-08-14,234.32000732421875,163.79919256662873,233.07958067589811,233.60042966566712,236.2111,236.05287,236.63124,232.5710403049988,234.6024604733445,236.15825612029698,239.69267,236.7935,239.686
2026-08-17,228.8500061035156,162.6514863128535,233.07958067589811,233.60042966566712,234.86627,232.34142,234.47382,232.50752613932826,234.6024604733445,236.1582565252378,238.79486,234.30101,237.89717
2026-08-18,232.6699981689453,161.7716015001025,233.07958067589811,233.60042966566712,227.50131,227.27094,229.14932,232.24725417131057,234.6024604733445,236.15826047682663,234.38777,229.20657,234.15881
2026-08-19,237.16000366210935,161.77974966006468,233.07958067589811,233.60042966566712,230.75165,230.62666,231.94519,233.02287145969413,234.6024604733445,236.15826022810398,235.15266,230.39635,236.87259
2026-08-20,233.69000244140625,160.22273944962643,233.07958067589811,233.60042966566712,237.13939,236.51271,237.0632,231.96999519189313,234.6024604733445,236.1582601478243,241.22313,234.34277,240.64726
2026-08-21,235.67999267578125,159.57833982243025,233.07958067589811,233.60042966566712,234.01158,235.08504,234.29619,231.91355126501162,234.6024604733445,236.15825929906367,238.85425,234.26547,238.51842
2026-08-24,231.0399932861328,158.43063356865372,233.07958067589811,233.60042966566712,234.8546,234.24725,234.73552,231.8500370993435,234.6024604733445,236.15825946884223,238.99211,234.64264,239.47443
2026-08-25,234.19000244140625,157.55074875590267,233.07958067589811,233.60042966566712,230.97418,229.77827,230.90948,231.5897651313206,234.6024604733445,236.15826112561518,235.70914,232.033,236.50377
2026-08-26,229.8699951171875,157.55889691586503,233.07958067589811,233.60042966566712,232.38376,231.23566,233.0561,232.36538241970555,234.6024604733445,236.15826102133389,235.5776,232.28633,238.4707
2026-08-27,238.7899932861328,156.0018867054262,233.07958067589811,233.60042966566712,229.2992,229.62961,230.08746,231.31250615190578,234.6024604733445,236.1582609876752,233.89932,230.34679,235.966
2026-08-28,235.58999633789065,155.35748707822975,233.07958067589811,233.60042966566712,237.29704,235.89351,237.31056,231.25606222501892,234.6024604733445,236.15826063181743,238.5349,234.13745,241.86284
2026-08-31,233.8699951171875,154.20978082445285,233.07958067589811,233.60042966566712,236.92238,235.64891,236.01755,231.1925480593536,234.6024604733445,236.15826070300005,239.10336,235.50748,240.19939
2026-09-01,231.3999938964844,153.3298960117028,233.07958067589811,233.60042966566712,233.21265,232.68552,233.1926,230.93227609133342,234.6024604733445,236.15826139763118,237.70299,233.84303,238.42651
2026-09-02,231.6999969482422,153.33804417166448,233.07958067589811,233.60042966566712,231.79034,230.2596,230.70496,231.70789337971678,234.6024604733445,236.15826135390944,236.2718,232.27061,236.6261
2026-09-03,234.7100067138672,151.7810339612284,233.07958067589811,233.60042966566712,231.02802,230.56816,231.05153,230.65501711191536,234.6024604733445,236.15826133979743,236.68782,232.04477,236.89775
2026-09-04,234.88999938964844,151.13663433402925,233.07958067589811,233.60042966566712,234.73282,233.9296,234.22092,230.59857318502617,234.6024604733445,236.15826119059784,237.54617,234.3025,239.20673
2026-09-08,232.08999633789065,149.10904326750295,233.07958067589811,233.60042966566712,235.3534,235.16429,234.85802,230.27478705134348,234.6024604733445,236.1582612204424,239.50002,235.34851,239.51671
2026-09-09,239.94000244140625,149.1171914274651,233.07958067589811,233.60042966566712,233.12914,231.91284,231.93097,231.0504043397283,234.6024604733445,236.1582615116787,237.13898,233.56195,237.44145
2026-09-10,234.0200042724609,147.56018121702823,233.07958067589811,233.60042966566712,239.2284,236.18297,238.39832,229.99752807192797,234.6024604733445,236.15826149334754,242.2741,236.75847,242.55757
2026-09-11,243.2899932861328,146.91578158983066,233.07958067589811,233.60042966566712,234.86746,233.93726,234.50043,229.94108414503904,234.6024604733445,236.15826148743088,239.55075,235.27106,238.87764
2026-09-14,249.08999633789065,145.76807533605302,233.07958067589811,233.60042966566712,241.91199,240.24316,241.39897,229.8775699793689,234.6024604733445,236.1582614248763,242.96965,238.89168,244.49191
2026-09-15,248.3699951171875,144.8881905233031,233.07958067589811,233.60042966566712,248.94586,247.79124,248.43933,229.61729801135357,234.6024604733445,236.15826143738917,248.62941,244.91272,248.79239
2026-09-16,237.4900054931641,144.89633868326462,233.07958067589811,233.60042966566712,248.68518,248.88676,247.93016,230.39291529973946,234.6024604733445,236.1582615594951,247.16138,246.47374,247.7513
2026-09-17,237.75,143.33932847282654,233.07958067589811,233.60042966566712,237.73781,238.49348,236.78894,229.34003903193732,234.6024604733445,236.1582615518094,238.58539,241.0615,239.3299
2026-09-18,229.5500030517578,142.69492884563024,233.07958067589811,233.60042966566712,235.70012,234.9616,235.83507,229.28359510504634,234.6024604733445,236.15826154932876,237.81778,237.01402,238.81357
